{
  "rowsFetched": 800,
  "rowsComputed": 682,
  "evTrackB_anchored": {
    "min": -0.17999999999999994,
    "p25": -0.1570492494301114,
    "p50": -0.06256682212269082,
    "p75": 0.06923382929045208,
    "p90": 0.15407407407407403,
    "p99": 0.17615199999999992,
    "max": 0.17999999999999994,
    "meanAbs": 0.11404607005242308
  },
  "evTrackB_raw": {
    "min": -0.7798478119822873,
    "p50": -0.06006006028935357,
    "p90": 0.33410860425246985,
    "max": 0.7176551761868533,
    "meanAbs": 0.24177778499273514
  },
  "anchorSaturation": {
    "countNearCap": 303,
    "capRatioSample": 682,
    "meanCapRatio": 0.6947361300147701
  },
  "interpretation": [
    "EV_B = anchored_p × decimalOdds − 1. Values are intentionally small vs raw when the anchor pulls p toward the market.",
    "Typical |EV_B| ceiling is about effectiveGap × decimalOdds (often ~8–17% at -110) unless m±gap hits 0 or 1.",
    "If most rows are near the cap, raise BASE_ANCHOR_BUDGET only if backtests justify more deviation from market."
  ]
}